<?xml version="1.0" encoding="utf-8"?>
<VugenScriptMetadata>
  <ScriptName>AOS-S01 Abandon</ScriptName>
  <Protocol>TruClient - Web</Protocol>
  <ActionFiles>
    <FileEntry Name="vuser_init.c" Filter="2" />
    <FileEntry Name="Action.c" Filter="2" />
    <FileEntry Name="Lib-View.c" Filter="2" />
    <FileEntry Name="vuser_end.c" Filter="2" />
  </ActionFiles>
  <GeneralFiles>
    <FileEntry Name="AOS-S01 Abandon.usr" Filter="4" />
    <FileEntry Name="default.cfg" Filter="4" />
    <FileEntry Name="default.usp" Filter="4" />
    <FileEntry Name="AOS-S01 Abandon.prm" Filter="2" />
    <FileEntry Name="C-functions.c" Filter="2" />
    <FileEntry Name="globals.h" Filter="2" />
    <FileEntry Name="JS-functions.js" Filter="2" />
    <FileEntry Name="AOS_URL.dat" Filter="2" />
    <FileEntry Name="default.xml" Filter="2" />
    <FileEntry Name="TruClientScriptMetadata.xml" Filter="2" />
    <FileEntry Name="TC.xsl" Filter="2" />
    <FileEntry Name="OutputColoringDatabase.json" Filter="2" />
    <FileEntry Name="user_modified_perfs.json" Filter="2" />
    <FileEntry Name="combined_AOS-S01 Abandon.c" Filter="2" />
    <FileEntry Name="pre_cci.c" Filter="2" />
    <FileEntry Name="profiles\" Filter="2" />
    <FileEntry Name="CodedActions\" Filter="2" />
    <FileEntry Name="221522091440.idx" Filter="1" />
    <FileEntry Name="22152209144_5cu.753.idx" Filter="1" />
    <FileEntry Name="22152209144_aD4.445.idx" Filter="1" />
    <FileEntry Name="22152209144_GPQ.425.idx" Filter="1" />
    <FileEntry Name="22152209144_Mnw.731.idx" Filter="1" />
    <FileEntry Name="AOS-S01 Abandon.c.pickle" Filter="1" />
    <FileEntry Name="AOS-S01 Abandon.ci" Filter="1" />
    <FileEntry Name="AOS-S01 Abandon.prm.bak" Filter="1" />
    <FileEntry Name="Bookmarks.xml" Filter="1" />
    <FileEntry Name="Breakpoints.xml" Filter="1" />
    <FileEntry Name="CompilerLogMetadata.xml" Filter="1" />
    <FileEntry Name="default.cfg.bak" Filter="1" />
    <FileEntry Name="interactive_replay_Chromium.txt" Filter="1" />
    <FileEntry Name="interactive_replay_TruClientBrowser.txt" Filter="1" />
    <FileEntry Name="logfile.log" Filter="1" />
    <FileEntry Name="mdrv5cP.327.log" Filter="1" />
    <FileEntry Name="mdrvgwt.453.log" Filter="1" />
    <FileEntry Name="mdrv_cmd.txt" Filter="1" />
    <FileEntry Name="options.txt" Filter="1" />
    <FileEntry Name="output.bak" Filter="1" />
    <FileEntry Name="output.txt" Filter="1" />
    <FileEntry Name="replay.har" Filter="1" />
    <FileEntry Name="ReplaySummaryReport.xml" Filter="1" />
    <FileEntry Name="ScriptUploadMetadata.xml" Filter="1" />
    <FileEntry Name="shunra.shunra" Filter="1" />
    <FileEntry Name="TransactionsData.db" Filter="1" />
    <FileEntry Name="UserTasks.xml" Filter="1" />
    <FileEntry Name="Backup\" Filter="1" />
    <FileEntry Name="CodedActionsBackup\" Filter="1" />
    <FileEntry Name="result1\" Filter="1" />
    <FileEntry Name="results\" Filter="1" />
    <FileEntry Name="resultSnap\" Filter="1" />
  </GeneralFiles>
</VugenScriptMetadata>